Time_s,Current_A,Speed_rad_s,Position_rad
0,0,0,0
0.002002002002002,0.0479519840160219,23.7851401126522,0.0238883911371801
0.004004004004004,0.0957123519677894,47.0988361501556,0.0949211897892405
0.00600600600600601,0.143281869552836,69.9504325819958,0.21216394900763
0.00800800800800801,0.190661299408977,92.3490886613952,0.374700743470093
0.01001001001001,0.237851401126522,114.303782096475,0.581633802364526
0.012012012012012,0.284852931260461,135.823312648651,0.83208314954928
0.014014014014014,0.331666643342589,156.91630565971,1.12518625084586
0.016016016016016,0.378293287893594,177.591215508965,1.4600976683227
0.018018018018018,0.42473361243508,197.856329001903,1.8359887214313
0.02002002002002,0.470988361501556,217.719768691651,2.25204715485892
0.022022022022022,0.517058276652373,237.189496134616,2.70747681296487
0.024024024024024,0.562944096483614,256.273315081592,3.20149732066966
0.026026026026026,0.608646556639928,274.978874605619,3.7333437706693
0.028028028028028,0.654166389826333,293.313672167843,4.30226641684933
0.03003003003003,0.699504325819958,311.285056622605,4.90753037377557
0.032032032032032,0.744661091481742,328.90023116297,5.54841532214139
0.034034034034034,0.789637410768091,346.166256207877,6.22421522005315
0.036036036036036,0.834434004742479,363.090052232049,6.93423802003839
0.038038038038038,0.879051591587016,379.678402539826,7.67780539166303
0.04004004004004,0.923490886613952,395.937955984014,8.45425244964669
0.042042042042042,0.967752602277153,411.875229630835,9.26292748736695
0.044044044044044,1.01183744818352,427.49661137207,10.1031917156458
0.046046046046046,1.05574613110437,442.808362485415,10.9744190067137
0.048048048048048,1.09947935498675,457.816620144093,11.8759956432484
0.0500500500500501,1.14303782096475,472.527399876721,12.8073200723879
0.0520520520520521,1.18642222737072,486.946597978428,13.7678026646197
0.0540540540540541,1.22963326974648,501.079993874166,14.7568654774482
0.0560560560560561,1.27267164085447,514.933252435199,15.7739420237474
0.0580580580580581,1.31553803068883,528.511926249655,16.8184770447042
0.0600600600600601,1.35823312648651,541.821457848094,17.8899262872627
0.0620620620620621,1.40075761273826,554.867181884948,18.9877562859797
0.0640640640640641,1.44311217119959,567.654327276728,20.1114441492041
0.0660660660660661,1.48529748090172,580.188019297855,21.2604773494938
0.0680680680680681,1.52731421816247,592.473281634939,22.4343535181878
0.0700700700700701,1.5691630565971,604.51503840035,23.6325802440491
0.0720720720720721,1.61084466712908,616.318116105871,24.8546748758994
0.0740740740740741,1.65235971800089,627.887245597236,26.1001643291653
0.0760760760760761,1.69370887478473,639.227063950324,27.3685848962589
0.0780780780780781,1.73489280039313,650.342116329761,28.6594820607176
0.0800800800800801,1.77591215508965,661.236857810695,29.9724103150266
0.0820820820820821,1.81676759649945,671.915655164449,31.3069329820536
0.0840840840840841,1.85745977961979,682.382788608793,32.6626220400217
0.0860860860860861,1.89798935683058,692.642453523509,34.0390579509524
0.0880880880880881,1.93835697790483,702.698762131972,35.4358294925085
0.0900900900900901,1.97856329001903,712.555745149377,36.8525335931704
0.0920920920920921,2.01860893776358,722.217353398318,38.2887751706787
0.0940940940940941,2.05849456315308,731.687459392331,39.7441669736799
0.0960960960960961,2.09822080563666,740.969858888052,41.2183294265101
0.0980980980980981,2.13778830210818,750.068272406617,42.710890477056
0.1001001001001,2.17719768691651,758.986346724897,44.2214854476304
0.102102102102102,2.21644959187564,767.727656337181,45.7497568888044
0.104104104104104,2.25554464627483,776.295704887885,47.2953544361364
0.106106106106106,2.29448347688872,784.693926575864,48.857934669741
0.108108108108108,2.33326670798734,792.925687530887,50.437160976641
0.11011011011011,2.37189496134616,800.994287162837,52.0327034158485
0.112112112112112,2.410368856256,808.902959484154,53.6442385861191
0.114114114114114,2.44868900953303,816.654874406081,55.2714494963288
0.116116116116116,2.48685603552861,824.253139009209,56.9140254384184
0.118118118118118,2.52487054613914,831.700798788839,58.5716618628579
0.12012012012012,2.56273315081592,839.00083887566,60.2440602565782
0.122122122122122,2.60044445657483,846.156185232237,61.9309280233229
0.124124124124124,2.63800506800617,853.169705825776,63.6319783663714
0.126126126126126,2.67541558728426,860.044211777648,65.3469301735866
0.128128128128128,2.71267661417714,866.782458490127,67.075507904741
0.13013013013013,2.74978874605619,873.387146750799,68.8174414810763
0.132132132132132,2.78675257790569,879.86092381507,70.5724661770516
0.134134134134134,2.82356870233235,886.206384467231,72.3403225142378
0.136136136136136,2.86023770957484,892.426072060484,74.120756157315
0.138138138138138,2.89676018751323,898.52247953635,75.9135178121307
0.14014014014014,2.93313672167843,904.498050423886,77.7183631257796
0.142142142142142,2.96936789526156,910.355179819078,79.5350525886628
0.144144144144144,3.00545428912331,916.096215344833,81.3633514384896
0.146146146146146,3.04139648180325,921.723458091946,83.2030295661808
0.148148148148148,3.07719504952912,927.239163541402,85.0538614236375
0.15015015015015,3.11285056622605,932.645542468412,86.9156259333389
0.152152152152152,3.14836360352574,937.944761828522,88.7881063997304
0.154154154154154,3.18373473077569,943.138945626157,90.6710904223692
0.156156156156156,3.21896451504826,948.230175765962,92.5643698107912
0.158158158158158,3.2540535211498,953.220492887249,94.4677405010649
0.16016016016016,3.28900231162971,958.111897181922,96.381002474
0.162162162162162,3.3238114467894,962.906349196182,98.3039596749764
0.164164164164164,3.35848148469136,967.605770616339,100.236419935363
0.166166166166166,3.39301298116805,972.212045039058,102.178194895494
0.168168168168168,3.42740648983081,976.727018726325,104.129099929169
0.17017017017017,3.46166256207877,981.152501345462,106.088954069658
0.172172172172172,3.49578174710765,985.490266694463,108.05757993716
0.174174174174174,3.52976459191861,989.742053412963,110.034803667713
0.176176176176176,3.56361164132696,993.909565679106,112.020454843501
0.178178178178178,3.59732343797097,997.994473892605,114.014366424553
0.18018018018018,3.63090052232049,1001.99841534427,116.016374681789
0.182182182182182,3.66434343268567,1005.92299487224,118.026319131395
0.184184184184184,3.69765270522558,1009.76978550524,120.044042470497
0.186186186186186,3.73082887395678,1013.54032909309,122.069390514114
0.188188188188188,3.76387247076193,1017.23613692466,124.10221213336
0.19019019019019,3.79678402539826,1020.85869033364,126.142359194864
0.192192192192192,3.8295640655061,1024.40944129229,128.189686501402
0.194194194194194,3.86221311661733,1027.88981299339,130.244051733694
0.196196196196196,3.89473170216381,1031.30120042069,132.305315393366
0.198198198198198,3.92712034348577,1034.64497090805,134.373340747033
0.2002002002002,3.95937955984014,1037.92246468746,136.447993771495
0.202202202202202,3.99150986840892,1041.13499542622,138.52914310002
0.204204204204204,4.02351178430747,1044.28385075355,140.616659969691
0.206206206206206,4.05538582059271,1047.37029277657,142.71041816979
0.208208208208208,4.08713248827141,1050.39555858629,144.810293991221
0.21021021021021,4.11875229630835,1053.36086075337,146.916166176915
0.212212212212212,4.15024575163449,1056.26738781419,149.027915873236
0.214214214214214,4.18161335915511,1059.11630474719,151.145426582339
0.216216216216216,4.21285562175785,1061.90875343983,153.268584115476
0.218218218218218,4.24397304032084,1064.6458531463,155.397276547232
0.22022022022022,4.2749661137207,1067.32870093609,157.531394170655
0.222222222222222,4.30583533884055,1069.95837213372,159.670829453294
0.224224224224224,4.33658121057793,1072.53592074979,161.81547699409
0.226226226226226,4.3672042218528,1075.06237990337,163.965233481135
0.228228228228228,4.3977048636154,1077.53876223615,166.119997650259
0.23023023023023,4.42808362485415,1079.9660603183,168.279670244446
0.232232232232232,4.45834099260346,1082.34524704631,170.444153974048
0.234234234234234,4.48847745195154,1084.67727603291,172.61335347779
0.236236236236236,4.51849348604821,1086.96308198935,174.787175284548
0.238238238238238,4.5483895761126,1089.20358110001,176.965527775885
0.24024024024024,4.57816620144093,1091.3996713896,179.148321149328
0.242242242242242,4.6078238394141,1093.55223308317,181.335467382374
0.244244244244244,4.63736296550544,1095.66212895883,183.52688019721
0.246246246246246,4.66678405328826,1097.73020469364,185.722475026132
0.248248248248248,4.69608757444349,1099.75728920252,187.922168977646
0.25025025025025,4.72527399876721,1101.74419497051,190.125880803249
0.252252252252252,4.75434379417822,1103.69171837843,192.333530864859
0.254254254254254,4.78329742672548,1105.60064002208,194.545041102897
0.256256256256256,4.81213536059565,1107.4717250251,196.760335004998
0.258258258258258,4.84085805812049,1109.30572334565,198.979337575345
0.26026026026026,4.86946597978428,1111.10337007701,201.201975304611
0.262262262262262,4.8979595842312,1112.86538574223,203.428176140492
0.264264264264264,4.92633932827271,1114.59247658288,205.657869458829
0.266266266266266,4.95460566689483,1116.28533484218,207.890986035302
0.268268268268268,4.98275905326546,1117.94463904239,210.127458017683
0.27027027027027,5.01079993874166,1119.57105425687,212.367218898637
0.272272272272272,5.03872877287685,1121.16523237655,214.610203489072
0.274274274274274,5.06654600342803,1122.72781237127,216.856347892002
0.276276276276276,5.09425207636299,1124.25942054591,219.105589476941
0.278278278278278,5.1218474358674,1125.76067079135,221.357866854799
0.28028028028028,5.14933252435199,1127.2321648306,223.613119853277
0.282282282282282,5.1767077824596,1128.67449245993,225.871289492746
0.284284284284284,5.20397364907228,1130.0882317853,228.132317962611
0.286286286286286,5.23113056131829,1131.47394945406,230.396148598138
0.288288288288288,5.25817895457914,1132.83220088206,232.66272585774
0.29029029029029,5.28511926249655,1134.16353047629,234.931995300719
0.292292292292292,5.31195191697941,1135.46847185308,237.203903565443
0.294294294294294,5.33867734821069,1136.74754805196,239.478398347957
0.296296296296296,5.36529598465437,1138.00127174534,241.755428381022
0.298298298298298,5.39180825306228,1139.23014544396,244.034943413562
0.3003003003003,5.41821457848094,1140.43466169833,246.316894190528
0.302302302302302,5.44451538425841,1141.61530329613,248.60123243315
0.304304304304304,5.47071109205102,1142.77254345574,250.887910819591
0.306306306306306,5.49680212183018,1143.9068460159,253.176882965977
0.308308308308308,5.5227888918891,1145.01866562163,255.468103407807
0.31031031031031,5.54867181884948,1146.10844790644,257.761527581728
0.312312312312312,5.5744513176682,1147.17662967097,260.057111807678
0.314314314314314,5.60012780164398,1148.22363905805,262.354813271372
0.316316316316316,5.62570168242399,1149.24989572432,264.654590007147
0.318318318318318,5.65117337001047,1150.25581100843,266.956400881139
0.32032032032032,5.67654327276728,1151.24178809589,269.260205574795
0.322322322322322,5.70181179742647,1152.20822218071,271.565964568716
0.324324324324324,5.72697934909478,1153.15550062376,273.873639126813
0.326326326326326,5.75204633126014,1154.08400310807,276.183191280784
0.328328328328328,5.77701314579817,1154.99410179098,278.494583814896
0.33033033033033,5.80188019297855,1155.88616145331,280.807780251065
0.332332332332332,5.82664787147152,1156.76053964559,283.122744834239
0.334334334334334,5.85131657835423,1157.61758683136,285.439442518065
0.336336336336336,5.87588670911709,1158.45764652764,287.75783895084
0.338338338338338,5.90035865767015,1159.2810554426,290.077900461746
0.34034034034034,5.92473281634939,1160.08814361054,292.399594047354
0.342342342342342,5.94900957592302,1160.87923452419,294.722887358392
0.344344344344344,5.97318932559772,1161.65464526432,297.047748686781
0.346346346346346,5.99727245302493,1162.41468662687,299.374146952929
0.348348348348348,6.02125934430702,1163.1596632475,301.702051693268
0.35035035035035,6.0451503840035,1163.88987372372,304.031433048049
0.352352352352352,6.06894595513717,1164.60561073452,306.362261749371
0.354354354354354,6.09264643920029,1165.30716115776,308.69450910945
0.356356356356356,6.11625221616066,1165.99480618506,311.028147009121
0.358358358358358,6.13976366446774,1166.6688214346,313.36314788657
0.36036036036036,6.16318116105871,1167.32947706152,315.699484726281
0.362362362362362,6.18650508136449,1167.97703786622,318.037131048213
0.364364364364364,6.20973579931579,1168.61176340053,320.376060897184
0.366366366366366,6.2328736873491,1169.2339080717,322.716248832469
0.368368368368368,6.25591911641265,1169.8437212444,325.057669917602
0.37037037037037,6.27887245597236,1170.44144734063,327.400299710381
0.372372372372372,6.30173407401777,1171.02732593774,329.744114253073
0.374374374374374,6.32450433706791,1171.60159186441,332.089090062808
0.376376376376376,6.34718361017724,1172.16447529481,334.43520412217
0.378378378378378,6.36977225694143,1172.71620184083,336.782433869971
0.38038038038038,6.39227063950324,1173.25699264252,339.130757192205
0.382382382382382,6.4146791185583,1173.78706445671,341.480152413188
0.384384384384384,6.4369980533609,1174.30662974393,343.830598286869
0.386386386386386,6.45922780172976,1174.81589675352,346.182073988312
0.388388388388388,6.48136872005375,1175.31506960712,348.534559105354
0.39039039039039,6.50342116329761,1175.80434838051,350.888033630417
0.392392392392392,6.52538548500764,1176.28392918375,353.242477952496
0.394394394394394,6.54726203731737,1176.75400423982,355.597872849291
0.396396396396396,6.56905117095322,1177.21476196167,357.954199479509
0.398398398398398,6.59075323524008,1177.6663870277,360.311439375308
0.4004004004004,6.61236857810695,1178.10906045584,362.669574434896
0.402402402402402,6.63389754609252,1178.54295967606,365.028586915277
0.404404404404404,6.6553404843507,1178.96825860148,367.388459425137
0.406406406406406,6.67669773665615,1179.38512769813,369.749174917875
0.408408408408408,6.69796964540985,1179.79373405321,372.110716684769
0.41041041041041,6.71915655164449,1180.19424144213,374.47306834828
0.412412412412412,6.74025879503005,1180.58681039407,376.836213855487
0.414414414414414,6.76127671387914,1180.97159825642,379.200137471656
0.416416416416416,6.78221064515251,1181.34875925774,381.564823773925
0.418418418418418,6.8030609244644,1181.71844456968,383.930257645134
0.42042042042042,6.82382788608793,1182.08080236751,386.296424267754
0.422422422422422,6.84451186296047,1182.4359778895,388.663309117957
0.424424424424424,6.86511318668898,1182.7841134952,391.030897959789
0.426426426426426,6.88563218755531,1183.12534872244,393.399176839468
0.428428428428428,6.90606919452151,1183.45982034326,395.768132079788
0.43043043043043,6.92642453523509,1183.78766241878,398.137750274639
0.432432432432432,6.9466985360343,1184.10900635288,400.508018283631
0.434434434434434,6.96689152195332,1184.4239809449,402.878923226831
0.436436436436436,6.9870038167275,1184.73271244126,405.250452479598
0.438438438438438,7.00703574279856,1185.03532458603,407.622593667523
0.44044044044044,7.02698762131972,1185.33193867058,409.995334661471
0.442442442442442,7.04685977216088,1185.62267358216,412.368663572715
0.444444444444444,7.06665251391375,1185.90764585157,414.742568748176
0.446446446446446,7.08636616389694,1186.18696969986,417.11703876575
0.448448448448448,7.10600103816106,1186.46075708408,419.49206242973
0.45045045045045,7.12555745149377,1186.72911774223,421.867628766318
0.452452452452452,7.14503571742485,1186.99215923716,424.243727019227
0.454454454454454,7.16443614823122,1187.24998699975,426.620346645371
0.456456456456456,7.18375905494192,1187.50270437112,428.997477310636
0.458458458458458,7.20300474734315,1187.75041264409,431.375108885741
0.46046046046046,7.22217353398318,1187.99321110374,433.753231442178
0.462462462462462,7.24126572217733,1188.23119706724,436.131835248231
0.464464464464464,7.26028161801288,1188.46446592284,438.510910765074
0.466466466466466,7.27922152635401,1188.69311116809,440.890448642951
0.468468468468468,7.29808575084663,1188.91722444734,443.270439717428
0.47047047047047,7.3168745939233,1189.13689558847,445.650875005717
0.472472472472472,7.33558835680807,1189.35221263888,448.031745703079
0.474474474474474,7.35422733952128,1189.56326190077,450.413043179292
0.476476476476476,7.37279184088439,1189.77012796578,452.794758975194
0.478478478478478,7.39128215852478,1189.97289374884,455.17688479929
0.48048048048048,7.40969858888052,1190.17164052143,457.559412524434
0.482482482482482,7.42804142720508,1190.36644794416,459.942334184563
0.484484484484485,7.44631096757213,1190.55739409868,462.325641971513
0.486486486486487,7.4645075028802,1190.74455551901,464.709328231883
0.488488488488488,7.48263132485743,1190.92800722216,467.09338546397
0.49049049049049,7.50068272406617,1191.10782273826,469.477806314762
0.492492492492492,7.51866198990772,1191.28407414,471.862583576991
0.494494494494495,7.53656941062691,1191.45683207149,474.247710186245
0.496496496496497,7.55440527331677,1191.62616577664,476.633179218131
0.498498498498498,7.57216986392307,1191.79214312688,479.01898388551
0.500500500500501,7.58986346724897,1191.95483064834,481.405117535767
0.502502502502503,7.60748636695955,1192.11429354855,483.791573648148
0.504504504504504,7.62503884558636,1192.27059574258,486.178345831147
0.506506506506507,7.64252118453196,1192.42379987863,488.565427819945
0.508508508508508,7.65993366407441,1192.57396736313,490.952813473897
0.510510510510511,7.67727656337181,1192.72115838542,493.34049677407
0.512512512512513,7.69455016046672,1192.86543194181,495.728471820834
0.514514514514514,7.71175473229064,1193.00684585923,498.116732831494
0.516516516516517,7.72889055466847,1193.14545681845,500.505274137975
0.518518518518518,7.74595790232291,1193.28132037677,502.894090184545
0.520520520520521,7.76295704887885,1193.41449099028,505.283175525597
0.522522522522523,7.7798882668678,1193.5450220357,507.672524823457
0.524524524524524,7.79675182773221,1193.67296583179,510.06213284625
0.526526526526527,7.81354800182988,1193.79837366028,512.451994465804
0.528528528528528,7.83027705843822,1193.92129578646,514.842104655588
0.530530530530531,7.84693926575864,1194.04178147931,517.232458488705
0.532532532532533,7.86353489092079,1194.15987903126,519.623051135913
0.534534534534535,7.88006419998691,1194.27563577752,522.013877863689
0.536536536536537,7.89652745795602,1194.3890981151,524.404934032334
0.538538538538539,7.91292492876821,1194.50031152134,526.796215094112
0.540540540540541,7.92925687530887,1194.60932057221,529.187716591428
0.542542542542543,7.94552355941292,1194.71616896012,531.579434155039
0.544544544544545,7.96172524186895,1194.82089951146,533.971363502307
0.546546546546547,7.97786218242346,1194.92355420378,536.363500435478
0.548548548548549,7.99393463978502,1195.02417418256,538.755840840002
0.550550550550551,8.00994287162837,1195.12279977776,541.148380682884
0.552552552552553,8.02588713459859,1195.21947051997,543.541116011066
0.554554554554555,8.04176768431523,1195.31422515621,545.934042949844
0.556556556556557,8.05758477537634,1195.40710166554,548.327157701314
0.558558558558559,8.07333866136265,1195.49813727421,550.720456542849
0.560560560560561,8.08902959484154,1195.58736847063,553.113935825609
0.562562562562563,8.10465782737115,1195.67483101996,555.507591973079
0.564564564564565,8.12022360950438,1195.76055997846,557.901421479632
0.566566566566567,8.13572719079295,1195.84458970755,560.295420909125
0.568568568568569,8.15116881979134,1195.92695388758,562.689586893524
0.570570570570571,8.16654874406082,1196.0076855313,565.083916131554
0.572572572572573,8.1818672101734,1196.08681699715,567.478405387372
0.574574574574575,8.1971244637158,1196.16438000215,569.873051489274
0.576576576576577,8.21232074929337,1196.24040563471,572.267851328421
0.578578578578579,8.22745631053401,1196.314924367,574.662801857594
0.580580580580581,8.2425313900921,1196.38796606721,577.057900089976
0.582582582582583,8.25754622965234,1196.45956001153,579.453143097946
0.584584584584585,8.27250106993371,1196.52973489585,581.848528011916
0.586586586586587,8.28739615069324,1196.59851884729,584.244052019174
0.588588588588589,8.30223171072988,1196.66593943547,586.639712362759
0.590590590590591,8.31700798788839,1196.73202368353,589.035506340356
0.592592592592593,8.33172521906305,1196.796798079,591.431431303211
0.594594594594595,8.34638364020154,1196.86028858442,593.827484655071
0.596596596596597,8.36098348630868,1196.9225206477,596.223663851146
0.598598598598599,8.37552499145023,1196.98351921235,598.619966397083
0.600600600600601,8.3900083887566,1197.04330872751,601.01638984797
0.602602602602603,8.40443391042663,1197.10191315766,603.412931807357
0.604604604604605,8.41880178773127,1197.15935599233,605.809589926292
0.606606606606607,8.43311225101735,1197.21566025544,608.206361902384
0.608608608608609,8.4473655297112,1197.27084851456,610.603245478874
0.610610610610611,8.46156185232237,1197.32494288995,613.000238443737
0.612612612612613,8.4757014464473,1197.37796506343,615.397338628792
0.614614614614615,8.48978453877293,1197.42993628705,617.794543908832
0.616616616616617,8.5038113550804,1197.48087739164,620.191852200775
0.618618618618619,8.51778212024858,1197.53080879515,622.589261462828
0.620620620620621,8.53169705825776,1197.57975051079,624.986769693666
0.622622622622623,8.54555639219319,1197.62772215513,627.384374931634
0.624624624624625,8.55936034424867,1197.6747429559,629.782075253959
0.626626626626627,8.57310913573012,1197.72083175973,632.179868775979
0.628628628628629,8.58680298705914,1197.76600703967,634.577753650387
0.630630630630631,8.60044211777648,1197.81028690265,636.975728066492
0.632632632632633,8.61402674654564,1197.85368909667,639.373790249492
0.634634634634635,8.62755709115633,1197.89623101797,641.771938459764
0.636636636636637,8.64103336852798,1197.93792971798,644.170170992166
0.638638638638639,8.65445579471321,1197.97880191013,646.568486175354
0.640640640640641,8.66782458490127,1198.0188639766,648.966882371109
0.642642642642643,8.68113995342156,1198.05813197484,651.365357973687
0.644644644644645,8.69440211374697,1198.09662164406,653.763911409168
0.646646646646647,8.70761127849739,1198.13434841146,656.16254113483
0.648648648648649,8.72076765944306,1198.17132739849,658.561245638529
0.650650650650651,8.73387146750799,1198.20757342686,660.960023438094
0.652652652652653,8.74692291277335,1198.24310102452,663.358873080731
0.654654654654655,8.75992220448081,1198.27792443143,665.757793142443
0.656656656656657,8.77286955103593,1198.31205760533,668.156782227455
0.658658658658659,8.78576516001146,1198.3455142273,670.555838967661
0.660660660660661,8.7986092381507,1198.37830770723,672.95496202207
0.662662662662663,8.8114019913708,1198.41045118923,675.354150076272
0.664664664664665,8.82414362476608,1198.44195755688,677.753401841909
0.666666666666667,8.83683434261128,1198.47283943839,680.152716056161
0.668668668668669,8.84947434836487,1198.50310921167,682.552091481236
0.670670670670671,8.86206384467231,1198.53277900928,684.951526903877
0.672672672672673,8.87460303336928,1198.56186072331,687.351021134876
0.674674674674675,8.88709211548491,1198.59036601015,689.750573008595
0.676676676676677,8.89953129124505,1198.61830629511,692.150181382501
0.678678678678679,8.91192076007541,1198.64569277708,694.549845136706
0.680680680680681,8.92426072060483,1198.67253643296,696.949563173521
0.682682682682683,8.93655137066842,1198.69884802207,699.349334417012
0.684684684684685,8.94879290731072,1198.72463809049,701.749157812573
0.686686686686687,8.9609855267889,1198.74991697525,704.149032326499
0.688688688688689,8.97312942457589,1198.7746948085,706.548956945577
0.690690690690691,8.9852247953635,1198.79898152155,708.948930676674
0.692692692692693,8.99727183306555,1198.82278684887,711.348952546344
0.694694694694695,9.009270730821,1198.84612033199,713.749021600435
0.696696696696697,9.02122168099699,1198.8689913233,716.149136903706
0.698698698698699,9.033124875192,1198.89140898984,718.549297539455
0.700700700700701,9.04498050423886,1198.91338231693,720.949502609148
0.702702702702703,9.05678875820784,1198.93492011179,723.349751232064
0.704704704704705,9.06854982640969,1198.9560310071,725.750042544935
0.706706706706707,9.08026389739867,1198.97672346441,728.150375701607
0.708708708708709,9.09193115897558,1198.99700577756,730.550749872695
0.710710710710711,9.10355179819078,1199.01688607598,732.951164245255
0.712712712712713,9.11512600134714,1199.03637232801,735.351618022455
0.714714714714715,9.12665395400311,1199.055472344,737.752110423257
0.716716716716717,9.13813584097562,1199.07419377953,740.152640682106
0.718718718718719,9.14957184634309,1199.09254413843,742.55320804862
0.720720720720721,9.16096215344833,1199.11053077577,744.953811787288
0.722722722722723,9.17230694490156,1199.12816090088,747.35445117718
0.724724724724725,9.18360640258325,1199.14544158015,749.755125511655
0.726726726726727,9.1948607076471,1199.16237973994,752.155834098078
0.728728728728729,9.2060700405229,1199.17898216931,754.556576257543
0.730730730730731,9.21723458091946,1199.19525552276,756.957351324601
0.732732732732733,9.22835450782747,1199.21120632288,759.358158646991
0.734734734734735,9.23942999952236,1199.22684096299,761.758997585382
0.736736736736737,9.2504612335672,1199.24216570968,764.159867513116
0.738738738738739,9.26144838681548,1199.25718670533,766.560767815954
0.740740740740741,9.27239163541402,1199.27190997057,768.961697891832
0.742742742742743,9.28329115480574,1199.28634140671,771.362657150621
0.744744744744745,9.29414711973249,1199.30048679807,773.763645013887
0.746746746746747,9.30495970423784,1199.31435181433,776.164660914663
0.748748748748749,9.31572908166992,1199.3279420128,778.565704297218
0.750750750750751,9.32645542468412,1199.34126284063,780.966774616838
0.752752752752753,9.33713890524593,1199.35431963699,783.367871339604
0.754754754754755,9.34777969463364,1199.36711763524,785.768993942182
0.756756756756757,9.35837796344113,1199.37966196501,788.170141911607
0.758758758758759,9.36893388158059,1199.39195765424,790.571314745086
0.760760760760761,9.37944761828521,1199.40400963123,792.97251194979
0.762762762762763,9.38991934211198,1199.41582272659,795.373733042657
0.764764764764765,9.40034922094427,1199.42740167517,797.774977550201
0.766766766766767,9.41073742199465,1199.43875111799,800.176245008321
0.768768768768769,9.42108411180747,1199.44987560407,802.577534962115
0.770770770770771,9.43138945626157,1199.46077959227,804.978846965698
0.772772772772773,9.44165362057297,1199.47146745306,807.380180582022
0.774774774774775,9.45187676929745,1199.48194347029,809.7815353827
0.776776776776777,9.46205906633324,1199.49221184292,812.182910947841
0.778778778778779,9.47220067492364,1199.50227668664,814.584306865871
0.780780780780781,9.48230175765962,1199.51214203559,816.985722733378
0.782782782782783,9.49236247648244,1199.52181184396,819.387158154944
0.784784784784785,9.50238299268625,1199.53128998753,821.788612742988
0.786786786786787,9.51236346692065,1199.5405802653,824.190086117614
0.788788788788789,9.52230405919331,1199.54968640093,826.591577906453
0.790790790790791,9.53220492887249,1199.55861204431,828.993087744518
0.792792792792793,9.54206623468962,1199.56736077295,831.394615274057
0.794794794794795,9.55188813474183,1199.57593609348,833.796160144406
0.796796796796797,9.56167078649452,1199.584341443,836.197722011856
0.798798798798799,9.57141434678384,1199.59258019052,838.599300539507
0.800800800800801,9.58111897181922,1199.60065563823,841.000895397138
0.802802802802803,9.59078481718589,1199.60857102289,843.402506261074
0.804804804804805,9.60041203784734,1199.61632951711,845.804132814054
0.806806806806807,9.61000078814786,1199.62393423061,848.205774745107
0.808808808808809,9.61955122181494,1199.63138821145,850.607431749425
0.810810810810811,9.62906349196182,1199.63869444732,853.009103528241
0.812812812812813,9.63853775108986,1199.64585586665,855.410789788711
0.814814814814815,9.64797415109104,1199.65287533984,857.812490243794
0.816816816816817,9.65737284325038,1199.65975568041,860.21420461214
0.818818818818819,9.66673397824838,1199.66649964608,862.615932617974
0.820820820820821,9.67605770616339,1199.67310993996,865.017673990989
0.822822822822823,9.68534417647408,1199.67958921152,867.419428466235
0.824824824824825,9.69459353806177,1199.68594005777,869.821195784013
0.826826826826827,9.70380593921288,1199.69216502421,872.222975689771
0.828828828828829,9.71298152762126,1199.6982666059,874.624767934004
0.830830830830831,9.72212045039058,1199.70424724845,877.026572272152
0.832832832832833,9.73122285403669,1199.71010934898,879.428388464502
0.834834834834835,9.74028888448995,1199.71585525711,881.830216276091
0.836836836836837,9.7493186870976,1199.72148727587,884.232055476617
0.838838838838839,9.75831240662605,1199.72700766268,886.633905840339
0.840840840840841,9.76727018726325,1199.73241863017,889.035767145992
0.842842842842843,9.77619217262096,1199.73772234715,891.437639176696
0.844844844844845,9.78507850573705,1199.74292093942,893.839521719872
0.846846846846847,9.79392932907786,1199.74801649065,896.241414567151
0.848848848848849,9.80274478454038,1199.75301104321,898.643317514297
0.850850850850851,9.81152501345462,1199.757906599,901.045230361121
0.852852852852853,9.82027015658581,1199.76270512022,903.447152911402
0.854854854854855,9.82898035413669,1199.76740853019,905.849084972807
0.856856856856857,9.83765574574977,1199.7720187141,908.251026356818
0.858858858858859,9.84629647050951,1199.77653751979,910.652976878651
0.860860860860861,9.85490266694463,1199.78096675846,913.054936357187
0.862862862862863,9.86347447303026,1199.78530820541,915.456904614894
0.864864864864865,9.87201202619018,1199.78956360076,917.858881477762
0.866866866866867,9.88051546329904,1199.79373465012,920.260866775228
0.868868868868869,9.88898492068455,1199.79782302533,922.66286034011
0.870870870870871,9.89742053412963,1199.80183036505,925.06486200854
0.872872872872873,9.90582243887462,1199.8057582755,927.466871619898
0.874874874874875,9.91419076961943,1199.80960833103,929.868889016747
0.876876876876877,9.92252566052574,1199.8133820748,932.270914044773
0.878878878878879,9.93082724521908,1199.81708101938,934.672946552717
0.880880880880881,9.93909565679106,1199.82070664736,937.074986392321
0.882882882882883,9.9473310278014,1199.82426041196,939.477033418264
0.884884884884885,9.95553349028015,1199.82774373756,941.879087488106
0.886886886886887,9.96370317572977,1199.83115802034,944.28114846223
0.888888888888889,9.97184021512721,1199.8345046288,946.683216203787
0.890890890890891,9.97994473892605,1199.83778490429,949.08529057864
0.892892892892893,9.98801687705859,1199.84100016161,951.487371455311
0.894894894894895,9.99605675893791,1199.84415168947,953.889458704927
0.896896896896897,10.0040645134599,1199.84724075105,956.291552201171
0.898898898898899,10.0120402690056,1199.8502685845,958.693651820228
0.900900900900901,10.0199841534427,1199.85323640342,961.095757440739
0.902902902902903,10.0278962941281,1199.85614539734,963.497868943749
0.904904904904905,10.03577681791,1199.85899673224,965.899986212662
0.906906906906907,10.0436258511293,1199.86179155097,968.302109133191
0.908908908908909,10.0514435196223,1199.86453097374,970.704237593316
0.910910910910911,10.0592299487224,1199.86721609855,973.106371483238
0.912912912912913,10.0669852632622,1199.86984800164,975.508510695332
0.914914914914915,10.0747095875754,1199.8724277379,977.910655124108
0.916916916916917,10.082403045499,1199.87495634134,980.312804666166
0.918918918918919,10.0900657603749,1199.87743482546,982.714959220157
0.920920920920921,10.0976978550524,1199.87986418367,985.117118686738
0.922922922922923,10.1052994518898,1199.88224538969,987.519282968539
0.924924924924925,10.1128706727563,1199.88457939794,989.921451970116
0.926926926926927,10.1204116390343,1199.88686714393,992.323625597919
0.928928928928929,10.1279224716211,1199.88910954463,994.725803760252
0.930930930930931,10.1354032909309,1199.89130749881,997.127986367236
0.932932932932933,10.1428542168967,1199.89346188745,999.530173330774
0.934934934934935,10.1502753689723,1199.89557357406,1001.93236456452
0.936936936936937,10.157666866134,1199.89764340504,1004.33455998382
0.938938938938939,10.165028826883,1199.89967221,1006.73675950573
0.940940940940941,10.1723613692466,1199.90166080212,1009.13896304892
0.942942942942943,10.1796646107807,1199.90360997845,1011.54117053369
0.944944944944945,10.1869386685713,1199.90552052026,1013.94338188191
0.946946946946947,10.1941836592367,1199.90739319331,1016.34559701701
0.948948948948949,10.201399698929,1199.90922874821,1018.74781586392
0.950950950950951,10.2085869033364,1199.91102792066,1021.15003834908
0.952952952952953,10.2157453876845,1199.9127914318,1023.55226440036
0.954954954954955,10.2228752667387,1199.91451998848,1025.9544939471
0.956956956956957,10.2299766548057,1199.91621428352,1028.35672692
0.958958958958959,10.2370496657354,1199.91787499603,1030.75896325115
0.960960960960961,10.2440944129229,1199.91950279163,1033.16120287399
0.962962962962963,10.25111100931,1199.92109832278,1035.56344572328
0.964964964964965,10.2580995673873,1199.92266222899,1037.96569173506
0.966966966966967,10.2650601991958,1199.92419513709,1040.36794084665
0.968968968968969,10.2719930163288,1199.92569766149,1042.77019299661
0.970970970970971,10.2788981299339,1199.92717040444,1045.17244812472
0.972972972972973,10.2857756507142,1199.92861395622,1047.57470617195
0.974974974974975,10.2926256889306,1199.93002889543,1049.97696708043
0.976976976976977,10.2994483544034,1199.9314157892,1052.37923079345
0.978978978978979,10.3062437565141,1199.93277519342,1054.78149725543
0.980980980980981,10.3130120042069,1199.93410765295,1057.18376641188
0.982982982982983,10.3197532059911,1199.93541370188,1059.58603820939
0.984984984984985,10.3264674699418,1199.93669386367,1061.98831259562
0.986986986986987,10.3331549037028,1199.93794865144,1064.39058951924
0.988988988988989,10.3398156144874,1199.93917856812,1066.79286892997
0.990990990990991,10.3464497090805,1199.94038410669,1069.19515077852
0.992992992992993,10.3530572938405,1199.94156575033,1071.59743501656
0.994994994994995,10.3596384747006,1199.94272397268,1073.99972159673
0.996996996996997,10.3661933571707,1199.94385923796,1076.4020104726
0.998998998998999,10.3727220463393,1199.9449720012,1078.80430159868
1.001001001001,10.3792246468746,1199.94606270842,1081.20659493036
1.003003003003,10.3857012630268,1199.94713179678,1083.60889042393
1.00500500500501,10.3921519986295,1199.9481796948,1086.01118803653
1.00700700700701,10.3985769571013,1199.94920682248,1088.41348772616
1.00900900900901,10.4049762414476,1199.95021359152,1090.81578945166
1.01101101101101,10.4113499542622,1199.95120040544,1093.21809317267
1.01301301301301,10.4176981977289,1199.95216765977,1095.62039884964
1.01501501501502,10.4240210736232,1199.9531157422,1098.0227064438
1.01701701701702,10.4303186833138,1199.95404503273,1100.42501591715
1.01901901901902,10.4365911277645,1199.95495590384,1102.82732723244
1.02102102102102,10.4428385075354,1199.95584872062,1105.22964035316
1.02302302302302,10.4490609227852,1199.95672384093,1107.63195524353
1.02502502502503,10.4552584732719,1199.95758161552,1110.03427186848
1.02702702702703,10.4614312583551,1199.9584223882,1112.43659019361
1.02902902902903,10.4675793769974,1199.95924649597,1114.83891018524
1.03103103103103,10.4737029277657,1199.96005426914,1117.24123181032
1.03303303303303,10.4798020088333,1199.96084603148,1119.64355503649
1.03503503503504,10.4858767179811,1199.96162210033,1122.04587983201
1.03703703703704,10.4919271525993,1199.96238278677,1124.44820616577
1.03903903903904,10.4979534096887,1199.96312839567,1126.85053400728
1.04104104104104,10.5039555858629,1199.9638592259,1129.25286332666
1.04304304304304,10.509933777349,1199.96457557038,1131.65519409461
1.04504504504505,10.51588807999,1199.96527771623,1134.05752628243
1.04704704704705,10.5218185892455,1199.96596594489,1136.45985986197
1.04904904904905,10.527725400194,1199.9666405322,1138.86219480564
1.05105105105105,10.5336086075337,1199.96730174854,1141.26453108641
1.05305305305305,10.5394683055848,1199.96794985895,1143.66686867777
1.05505505505506,10.5453045882902,1199.9685851232,1146.06920755375
1.05705705705706,10.5511175492178,1199.9692077959,1148.47154768888
1.05905905905906,10.5569072815612,1199.96981812664,1150.87388905821
1.06106106106106,10.5626738781419,1199.97041636005,1153.27623163727
1.06306306306306,10.5684174314103,1199.9710027359,1155.67857540209
1.06506506506507,10.5741380334475,1199.97157748923,1158.08092032916
1.06706706706707,10.5798357759666,1199.97214085039,1160.48326639544
1.06906906906907,10.5855107503142,1199.97269304521,1162.88561357836
1.07107107107107,10.5911630474719,1199.973234295,1165.28796185579
1.07307307307307,10.5967927580576,1199.9737648167,1167.69031120602
1.07507507507508,10.6023999723273,1199.97428482296,1170.09266160779
1.07707707707708,10.6079847801763,1199.9747945222,1172.49501304027
1.07907907907908,10.6135472711406,1199.97529411872,1174.89736548302
1.08108108108108,10.6190875343983,1199.97578381276,1177.29971891602
1.08308308308308,10.6246056587715,1199.97626380059,1179.70207331964
1.08508508508509,10.630101732727,1199.97673427462,1182.10442867464
1.08708708708709,10.6355758443783,1199.9771954234,1184.50678496216
1.08908908908909,10.6410280814868,1199.97764743177,1186.90914216373
1.09109109109109,10.646458531463,1199.97809048091,1189.31150026122
1.09309309309309,10.6518672813684,1199.9785247484,1191.71385923687
1.0950950950951,10.6572544179163,1199.97895040829,1194.11621907329
1.0970970970971,10.6626200274738,1199.9793676312,1196.5185797534
1.0990990990991,10.6679641960626,1199.97977658435,1198.92094126048
1.1011011011011,10.6732870093609,1199.98017743166,1201.32330357816
1.1031031031031,10.6785885527043,1199.9805703338,1203.72566669034
1.10510510510511,10.6838689110876,1199.98095544824,1206.1280305813
1.10710710710711,10.6891281691658,1199.98133292935,1208.53039523559
1.10910910910911,10.6943664112557,1199.98170292843,1210.93276063809
1.11111111111111,10.6995837213372,1199.98206559377,1213.33512677396
1.11311311311311,10.7047801830546,1199.98242107074,1215.73749362866
1.11511511511512,10.7099558797179,1199.98276950182,1218.13986118796
1.11711711711712,10.7151108943042,1199.98311102667,1220.54222943787
1.11911911911912,10.7202453094591,1199.98344578216,1222.94459836473
1.12112112112112,10.7253592074979,1199.98377390249,1225.3469679551
1.12312312312312,10.7304526704069,1199.98409551916,1227.74933819583
1.12512512512513,10.7355257798449,1199.98441076108,1230.15170907404
1.12712712712713,10.7405786171444,1199.98471975461,1232.55408057709
1.12912912912913,10.7456112633127,1199.98502262359,1234.9564526926
1.13113113113113,10.7506237990337,1199.98531948942,1237.35882540842
1.13313313313313,10.7556163046686,1199.98561047108,1239.76119871265
1.13513513513514,10.7605888602576,1199.98589568522,1242.16357259364
1.13713713713714,10.7655415455211,1199.98617524614,1244.56594703995
1.13913913913914,10.7704744398609,1199.98644926589,1246.96832204038
1.14114114114114,10.7753876223615,1199.98671785432,1249.37069758394
1.14314314314314,10.7802811717914,1199.98698111907,1251.77307365987
1.14514514514515,10.7851551666042,1199.98723916566,1254.17545025761
1.14714714714715,10.7900096849403,1199.98749209752,1256.57782736682
1.14914914914915,10.7948448046276,1199.98774001603,1258.98020497738
1.15115115115115,10.799660603183,1199.98798302056,1261.38258307933
1.15315315315315,10.8044571578139,1199.98822120851,1263.78496166293
1.15515515515516,10.8092345454188,1199.98845467535,1266.18734071865
1.15715715715716,10.8139928425892,1199.98868351465,1268.58972023712
1.15915915915916,10.8187321256104,1199.98890781814,1270.99210020918
1.16116116116116,10.8234524704631,1199.98912767572,1273.39448062582
1.16316316316316,10.8281539528239,1199.98934317552,1275.79686147824
1.16516516516517,10.8328366480676,1199.98955440391,1278.19924275781
1.16716716716717,10.8375006312672,1199.98976144555,1280.60162445605
1.16916916916917,10.8421459771962,1199.98996438342,1283.00400656466
1.17117117117117,10.8467727603291,1199.99016329888,1285.40638907552
1.17317317317317,10.8513810548427,1199.99035827164,1287.80877198064
1.17517517517518,10.8559709346176,1199.99054937986,1290.21115527222
1.17717717717718,10.860542473239,1199.99073670013,1292.6135389426
1.17917917917918,10.8650957439982,1199.99092030753,1295.01592298426
1.18118118118118,10.8696308198935,1199.99110027566,1297.41830738985
1.18318318318318,10.8741477736316,1199.99127667665,1299.82069215215
1.18518518518519,10.8786466776285,1199.99144958121,1302.2230772641
1.18718718718719,10.8831276040111,1199.99161905864,1304.62546271876
1.18918918918919,10.8875906246178,1199.99178517686,1307.02784850934
1.19119119119119,10.8920358110001,1199.99194800246,1309.43023462918
1.19319319319319,10.8964632344235,1199.9921076007,1311.83262107176
1.1951951951952,10.9008729658688,1199.99226403555,1314.23500783068
1.1971971971972,10.9052650760332,1199.99241736971,1316.63739489967
1.1991991991992,10.9096396353312,1199.99256766465,1319.03978227257
1.2012012012012,10.913996713896,1199.9927149806,1321.44216994338
1.2032032032032,10.9183363815807,1199.99285937661,1323.84455790618
1.20520520520521,10.9226587079592,1199.99300091055,1326.24694615519
1.20720720720721,10.9269637623271,1199.99313963915,1328.64933468473
1.20920920920921,10.9312516137036,1199.99327561802,1331.05172348925
1.21121121121121,10.9355223308317,1199.99340890166,1333.45411256329
1.21321321321321,10.9397759821798,1199.99353954349,1335.85650190151
1.21521521521522,10.9440126359428,1199.99366759588,1338.25889149867
1.21721721721722,10.948232360043,1199.99379311014,1340.66128134965
1.21921921921922,10.9524352221313,1199.9939161366,1343.0636714494
1.22122122122122,10.9566212895883,1199.99403672455,1345.46606179301
1.22322322322322,10.9607906295253,1199.99415492233,1347.86845237563
1.22522522522523,10.9649433087855,1199.99427077733,1350.27084319254
1.22722722722723,10.9690793939449,1199.99438433596,1352.67323423908
1.22922922922923,10.9731989513135,1199.99449564376,1355.0756255107
1.23123123123123,10.9773020469364,1199.99460474533,1357.47801700294
1.23323323323323,10.9813887465946,1199.9947116844,1359.88040871144
1.23523523523524,10.9854591158064,1199.99481650384,1362.2828006319
1.23723723723724,10.9895132198283,1199.99491924566,1364.68519276012
1.23923923923924,10.9935511236559,1199.99501995104,1367.08758509198
1.24124124124124,10.9975728920252,1199.99511866034,1369.48997762346
1.24324324324324,11.0015785894134,1199.99521541313,1371.89237035058
1.24524524524525,11.0055682800402,1199.99531024819,1374.29476326948
1.24724724724725,11.0095420278686,1199.99540320353,1376.69715637634
1.24924924924925,11.0134998966059,1199.9954943164,1379.09954966746
1.25125125125125,11.0174419497051,1199.99558362333,1381.50194313917
1.25325325325325,11.0213682503653,1199.99567116011,1383.90433678789
1.25525525525526,11.0252788615333,1199.99575696183,1386.30673061012
1.25725725725726,11.0291738459043,1199.99584106288,1388.70912460242
1.25925925925926,11.0330532659229,1199.99592349696,1391.11151876142
1.26126126126126,11.0369171837843,1199.99600429713,1393.5139130838
1.26326326326326,11.0407656614351,1199.99608349575,1395.91630756634
1.26526526526527,11.0445987605743,1199.99616112459,1398.31870220586
1.26726726726727,11.0484165426545,1199.99623721475,1400.72109699925
1.26926926926927,11.0522190688825,1199.99631179673,1403.12349194345
1.27127127127127,11.0560064002208,1199.99638490042,1405.52588703548
1.27327327327327,11.0597785973881,1199.99645655513,1407.92828227242
1.27527527527528,11.0635357208606,1199.99652678957,1410.33067765137
1.27727727727728,11.0672778308727,1199.9965956319,1412.73307316954
1.27927927927928,11.0710049874181,1199.99666310971,1415.13546882416
1.28128128128128,11.074717250251,1199.99672925005,1417.53786461253
1.28328328328328,11.0784146788865,1199.99679407942,1419.940260532
1.28528528528529,11.0820973326021,1199.99685762381,1422.34265657996
1.28728728728729,11.0857652704384,1199.99691990869,1424.74505275388
1.28928928928929,11.0894185512,1199.99698095903,1427.14744905124
1.29129129129129,11.0930572334565,1199.99704079929,1429.54984546962
1.29329329329329,11.0966813755435,1199.99709945346,1431.95224200661
1.2952952952953,11.1002910355636,1199.99715694505,1434.35463865985
1.2972972972973,11.1038862713871,1199.9972132971,1436.75703542705
1.2992992992993,11.107467140653,1199.9972685322,1439.15943230594
1.3013013013013,11.1110337007701,1199.99732267248,1441.56182929431
1.3033033033033,11.1145860089178,1199.99737573966,1443.96422639
1.30530530530531,11.1181241220467,1199.99742775499,1446.36662359087
1.30730730730731,11.1216480968804,1199.99747873933,1448.76902089484
1.30930930930931,11.1251579899153,1199.99752871311,1451.17141829986
1.31131131131131,11.1286538574223,1199.99757769637,1453.57381580394
1.31331331331331,11.1321357554474,1199.99762570873,1455.9762134051
1.31531531531532,11.1356037398127,1199.99767276944,1458.37861110143
1.31731731731732,11.139057866117,1199.99771889736,1460.78100889105
1.31931931931932,11.1424981897372,1199.99776411098,1463.18340677209
1.32132132132132,11.1459247658288,1199.99780842842,1465.58580474274
1.32332332332332,11.149337649327,1199.99785186745,1467.98820280124
1.32532532532533,11.1527368949472,1199.99789444548,1470.39060094584
1.32732732732733,11.1561225571864,1199.99793617957,1472.79299917484
1.32932932932933,11.1594946903238,1199.99797708645,1475.19539748655
1.33133133133133,11.1628533484218,1199.99801718252,1477.59779587935
1.33333333333333,11.1661985853264,1199.99805648385,1480.00019435161
1.33533533533534,11.1695304546688,1199.99809500619,1482.40259290178
1.33733733733734,11.1728490098658,1199.99813276497,1484.80499152831
1.33933933933934,11.1761543041206,1199.99816977535,1487.20739022967
1.34134134134134,11.1794463904239,1199.99820605214,1489.6097890044
1.34334334334334,11.1827253215548,1199.99824160989,1492.01218785102
1.34534534534535,11.1859911500813,1199.99827646285,1494.41458676813
1.34734734734735,11.1892439283613,1199.99831062499,1496.81698575432
1.34934934934935,11.1924837085436,1199.99834411001,1499.21938480822
1.35135135135135,11.1957105425687,1199.99837693133,1501.62178392849
1.35335335335335,11.1989244821693,1199.99840910209,1504.02418311382
1.35535535535536,11.2021255788715,1199.9984406352,1506.42658236291
1.35735735735736,11.2053138839956,1199.99847154329,1508.8289816745
1.35935935935936,11.2084894486566,1199.99850183875,1511.23138104736
1.36136136136136,11.2116523237655,1199.99853153373,1513.63378048026
1.36336336336336,11.2148025600296,1199.99856064013,1516.03617997202
1.36536536536537,11.2179402079539,1199.99858916961,1518.43857952148
1.36736736736737,11.2210653178412,1199.99861713361,1520.84097912748
1.36936936936937,11.2241779397936,1199.99864454333,1523.24337878891
1.37137137137137,11.2272781237127,1199.99867140977,1525.64577850467
1.37337337337337,11.2303659193011,1199.99869774369,1528.04817827368
1.37537537537538,11.2334413760624,1199.99872355565,1530.45057809489
1.37737737737738,11.2365045433026,1199.99874885599,1532.85297796725
1.37937937937938,11.2395554701306,1199.99877365485,1535.25537788977
1.38138138138138,11.2425942054591,1199.99879796218,1537.65777786144
1.38338338338338,11.2456207980052,1199.99882178771,1540.06017788129
1.38538538538539,11.2486352962915,1199.998845141,1542.46257794836
1.38738738738739,11.2516377486467,1199.9988680314,1544.86497806172
1.38938938938939,11.2546282032063,1199.99889046809,1547.26737822046
1.39139139139139,11.2576067079135,1199.99891246007,1549.66977842366
1.39339339339339,11.2605733105198,1199.99893401614,1552.07217867046
1.3953953953954,11.263528058586,1199.99895514496,1554.47457895998
1.3973973973974,11.266470999483,1199.99897585498,1556.87697929138
1.3993993993994,11.269402180392,1199.9989961545,1559.27937966383
1.4014014014014,11.272321648306,1199.99901605168,1561.68178007651
1.4034034034034,11.2752294500301,1199.99903555447,1564.08418052864
1.40540540540541,11.2781256321824,1199.99905467069,1566.48658101942
1.40740740740741,11.2810102411946,1199.99907340802,1568.88898154809
1.40940940940941,11.2838833233131,1199.99909177395,1571.2913821139
1.41141141141141,11.2867449245993,1199.99910977585,1573.69378271611
1.41341341341341,11.2895950909305,1199.99912742094,1576.096183354
1.41541541541542,11.2924338680009,1199.99914471629,1578.49858402687
1.41741741741742,11.2952613013219,1199.99916166882,1580.90098473402
1.41941941941942,11.2980774362231,1199.99917828535,1583.30338547477
1.42142142142142,11.300882317853,1199.99919457251,1585.70578624845
1.42342342342342,11.3036759911796,1199.99921053685,1588.10818705442
1.42542542542543,11.3064585009914,1199.99922618476,1590.51058789203
1.42742742742743,11.3092298918976,1199.99924152251,1592.91298876066
1.42942942942943,11.3119902083295,1199.99925655626,1595.31538965969
1.43143143143143,11.3147394945406,1199.99927129202,1597.71779058852
1.43343343343343,11.3174777946076,1199.9992857357,1600.12019154655
1.43543543543544,11.3202051524313,1199.9992998931,1602.52259253321
1.43743743743744,11.3229216117367,1199.99931376988,1604.92499354794
1.43943943943944,11.3256272160743,1199.99932737162,1607.32739459017
1.44144144144144,11.3283220088206,1199.99934070375,1609.72979565935
1.44344344344344,11.3310060331787,1199.99935377163,1612.13219675497
1.44544544544545,11.333679332179,1199.99936658049,1614.53459787649
1.44744744744745,11.3363419486801,1199.99937913546,1616.93699902339
1.44944944944945,11.3389939253692,1199.99939144159,1619.33940019518
1.45145145145145,11.3416353047629,1199.9994035038,1621.74180139136
1.45345345345345,11.3442661292082,1199.99941532692,1624.14420261145
1.45545545545546,11.3468864408824,1199.99942691569,1626.54660385498
1.45745745745746,11.3494962817947,1199.99943827477,1628.94900512147
1.45945945945946,11.3520956937862,1199.9994494087,1631.35140641048
1.46146146146146,11.3546847185308,1199.99946032194,1633.75380772156
1.46346346346346,11.357263397536,1199.99947101887,1636.15620905427
1.46546546546547,11.3598317721433,1199.99948150378,1638.55861040818
1.46746746746747,11.3623898835291,1199.99949178087,1640.96101178287
1.46946946946947,11.3649377727052,1199.99950185425,1643.36341317794
1.47147147147147,11.3674754805196,1199.99951172798,1645.76581459297
1.47347347347347,11.3700030476569,1199.99952140599,1648.16821602757
1.47547547547548,11.3725205146393,1199.99953089218,1650.57061748135
1.47747747747748,11.375027921827,1199.99954019034,1652.97301895394
1.47947947947948,11.377525309419,1199.99954930421,1655.37542044495
1.48148148148148,11.3800127174534,1199.99955823742,1657.77782195404
1.48348348348348,11.3824901858086,1199.99956699358,1660.18022348082
1.48548548548549,11.3849577542036,1199.99957557618,1662.58262502496
1.48748748748749,11.3874154621986,1199.99958398866,1664.98502658612
1.48948948948949,11.3898633491957,1199.9995922344,1667.38742816395
1.49149149149149,11.3923014544396,1199.9996003167,1669.78982975812
1.49349349349349,11.3947298170182,1199.9996082388,1672.19223136831
1.4954954954955,11.3971484758632,1199.99961600388,1674.59463299421
1.4974974974975,11.3995574697506,1199.99962361505,1676.99703463549
1.4994994994995,11.4019568373017,1199.99963107536,1679.39943629186
1.5015015015015,11.4043466169833,1199.9996383878,1681.80183796302
1.5035035035035,11.4067268471084,1199.99964555529,1684.20423964867
1.50550550550551,11.4090975658371,1199.99965258072,1686.60664134853
1.50750750750751,11.4114588111769,1199.9996594669,1689.00904306232
1.50950950950951,11.4138106209835,1199.99966621659,1691.41144478975
1.51151151151151,11.4161530329613,1199.9996728325,1693.81384653056
1.51351351351351,11.4184860846639,1199.99967931727,1696.21624828449
1.51551551551552,11.420809813495,1199.9996856735,1698.61865005127
1.51751751751752,11.4231242567088,1199.99969190375,1701.02105183065
1.51951951951952,11.4254294514106,1199.99969801052,1703.42345362237
1.52152152152152,11.4277254345574,1199.99970399623,1705.8258554262
1.52352352352352,11.4300122429587,1199.99970986331,1708.2282572419
1.52552552552553,11.4322899132766,1199.99971561409,1710.63065906922
1.52752752752753,11.4345584820269,1199.99972125089,1713.03306090794
1.52952952952953,11.4368179855796,1199.99972677597,1715.43546275784
1.53153153153153,11.439068460159,1199.99973219153,1717.83786461869
1.53353353353353,11.4413099418451,1199.99973749974,1720.24026649027
1.53553553553554,11.4435424665733,1199.99974270275,1722.64266837237
1.53753753753754,11.4457660701357,1199.99974780262,1725.04507026478
1.53953953953954,11.4479807881812,1199.99975280142,1727.44747216731
1.54154154154154,11.4501866562163,1199.99975770113,1729.84987407974
1.54354354354354,11.4523837096057,1199.99976250372,1732.25227600188
1.54554554554555,11.4545719835727,1199.99976721112,1734.65467793354
1.54754754754755,11.4567515131999,1199.99977182522,1737.05707987454
1.54954954954955,11.4589223334295,1199.99977634786,1739.45948182467
1.55155155155155,11.4610844790644,1199.99978078086,1741.86188378378
1.55355355355355,11.4632379847682,1199.99978512599,1744.26428575167
1.55555555555556,11.4653828850661,1199.999789385,1746.66668772817
1.55755755755756,11.4675192143453,1199.99979355959,1749.06908971311
1.55955955955956,11.4696470068555,1199.99979765143,1751.47149170633
1.56156156156156,11.4717662967097,1199.99980166217,1753.87389370766
1.56356356356356,11.4738771178844,1199.99980559342,1756.27629571693
1.56556556556557,11.4759795042206,1199.99980944674,1758.678697734
1.56756756756757,11.4780734894237,1199.99981322369,1761.08109975871
1.56956956956957,11.4801591070648,1199.99981692577,1763.48350179091
1.57157157157157,11.4822363905805,1199.99982055448,1765.88590383044
1.57357357357357,11.4843053732741,1199.99982411126,1768.28830587716
1.57557557557558,11.4863660883156,1199.99982759754,1770.69070793094
1.57757757757758,11.4884185687425,1199.99983101472,1773.09310999162
1.57957957957958,11.4904628474604,1199.99983436417,1775.49551205908
1.58158158158158,11.4924989572432,1199.99983764723,1777.89791413318
1.58358358358358,11.4945269307341,1199.99984086521,1780.30031621378
1.58558558558559,11.4965468004456,1199.99984401942,1782.70271830076
1.58758758758759,11.4985585987604,1199.9998471111,1785.105120394
1.58958958958959,11.5005623579318,1199.9998501415,1787.50752249336
1.59159159159159,11.5025581100843,1199.99985311184,1789.90992459873
1.59359359359359,11.5045458872138,1199.9998560233,1792.31232670998
1.5955955955956,11.5065257211886,1199.99985887706,1794.71472882701
1.5975975975976,11.5084976437494,1199.99986167425,1797.11713094969
1.5995995995996,11.5104616865103,1199.999864416,1799.51953307792
1.6016016016016,11.5124178809589,1199.9998671034,1801.92193521158
1.6036036036036,11.5143662584572,1199.99986973754,1804.32433735057
1.60560560560561,11.5163068502415,1199.99987231946,1806.72673949478
1.60760760760761,11.5182396874237,1199.99987485021,1809.12914164411
1.60960960960961,11.520164800991,1199.9998773308,1811.53154379845
1.61161161161161,11.5220822218071,1199.99987976222,1813.93394595771
1.61361361361361,11.5239919806122,1199.99988214545,1816.33634812179
1.61561561561562,11.5258941080236,1199.99988448144,1818.7387502906
1.61761761761762,11.5277886345364,1199.99988677112,1821.14115246403
1.61961961961962,11.5296755905238,1199.99988901543,1823.543554642
1.62162162162162,11.5315550062376,1199.99989121525,1825.94595682442
1.62362362362362,11.5334269118087,1199.99989337147,1828.3483590112
1.62562562562563,11.5352913372477,1199.99989548494,1830.75076120226
1.62762762762763,11.5371483124451,1199.99989755653,1833.1531633975
1.62962962962963,11.538997867172,1199.99989958706,1835.55556559685
1.63163163163163,11.5408400310807,1199.99990157734,1837.95796780022
1.63363363363363,11.5426748337049,1199.99990352817,1840.36037000754
1.63563563563564,11.5445023044603,1199.99990544033,1842.76277221873
1.63763763763764,11.5463224726449,1199.9999073146,1845.16517443371
1.63963963963964,11.54813536744,1199.99990915171,1847.5675766524
1.64164164164164,11.5499410179098,1199.99991095241,1849.96997887473
1.64364364364364,11.5517394530027,1199.99991271742,1852.37238110063
1.64564564564565,11.5535307015515,1199.99991444744,1854.77478333003
1.64764764764765,11.5553147922734,1199.99991614317,1857.17718556286
1.64964964964965,11.5570917537711,1199.99991780529,1859.57958779905
1.65165165165165,11.5588616145331,1199.99991943447,1861.98199003854
1.65365365365365,11.5606244029338,1199.99992103136,1864.38439228125
1.65565565565566,11.5623801472345,1199.99992259659,1866.78679452713
1.65765765765766,11.5641288755832,1199.9999241308,1869.18919677611
1.65965965965966,11.5658706160158,1199.9999256346,1871.59159902813
1.66166166166166,11.5676053964559,1199.99992710859,1873.99400128314
1.66366366366366,11.5693332447157,1199.99992855337,1876.39640354106
1.66566566566567,11.5710541884962,1199.99992996951,1878.79880580185
1.66766766766767,11.5727682553876,1199.99993135758,1881.20120806544
1.66966966966967,11.57447547287,1199.99993271814,1883.60361033179
1.67167167167167,11.5761758683136,1199.99993405173,1886.00601260083
1.67367367367367,11.5778694689793,1199.99993535889,1888.40841487252
1.67567567567568,11.579556302019,1199.99993664013,1890.8108171468
1.67767767767768,11.5812363944761,1199.99993789599,1893.21321942361
1.67967967967968,11.582909773286,1199.99993912695,1895.61562170292
1.68168168168168,11.5845764652764,1199.99994033351,1898.01802398467
1.68368368368368,11.5862364971678,1199.99994151616,1900.42042626881
1.68568568568569,11.587889895574,1199.99994267536,1902.82282855529
1.68768768768769,11.5895366870023,1199.99994381159,1905.22523084407
1.68968968968969,11.5911768978543,1199.9999449253,1907.6276331351
1.69169169169169,11.592810554426,1199.99994601693,1910.03003542834
1.69369369369369,11.5944376829081,1199.99994708693,1912.43243772374
1.6956956956957,11.596058309387,1199.99994813571,1914.83484002126
1.6976976976977,11.5976724598446,1199.99994916371,1917.23724232087
1.6996996996997,11.5992801601592,1199.99995017134,1919.63964462251
1.7017017017017,11.6008814361054,1199.99995115899,1922.04204692614
1.7037037037037,11.6024763133551,1199.99995212706,1924.44444923174
1.70570570570571,11.6040648174775,1199.99995307595,1926.84685153925
1.70770770770771,11.6056469739394,1199.99995400603,1929.24925384865
1.70970970970971,11.6072228081063,1199.99995491767,1931.65165615988
1.71171171171171,11.6087923452419,1199.99995581125,1934.05405847293
1.71371371371371,11.6103556105093,1199.99995668711,1936.45646078775
1.71571571571572,11.6119126289707,1199.99995754561,1938.8588631043
1.71771771771772,11.6134634255884,1199.9999583871,1941.26126542255
1.71971971971972,11.6150080252248,1199.99995921191,1943.66366774247
1.72172172172172,11.6165464526432,1199.99996002037,1946.06607006403
1.72372372372372,11.6180787325077,1199.9999608128,1948.46847238719
1.72572572572573,11.6196048893839,1199.99996158953,1950.87087471192
1.72772772772773,11.6211249477392,1199.99996235086,1953.27327703819
1.72972972972973,11.6226389319434,1199.9999630971,1955.67567936597
1.73173173173173,11.6241468662687,1199.99996382855,1958.07808169522
1.73373373373373,11.6256487748905,1199.9999645455,1960.48048402593
1.73573573573574,11.6271446818874,1199.99996524825,1962.88288635806
1.73773773773774,11.6286346112419,1199.99996593706,1965.28528869158
1.73973973973974,11.6301185868407,1199.99996661222,1967.68769102647
1.74174174174174,11.631596632475,1199.999967274,1970.09009336269
1.74374374374374,11.6330687718409,1199.99996792266,1972.49249570023
1.74574574574575,11.6345350285399,1199.99996855846,1974.89489803905
1.74774774774775,11.6359954260791,1199.99996918166,1977.29730037913
1.74974974974975,11.6374499878716,1199.99996979251,1979.69970272045
1.75175175175175,11.6388987372372,1199.99997039125,1982.10210506298
1.75375375375375,11.6403416974022,1199.99997097813,1984.50450740669
1.75575575575576,11.6417788915003,1199.99997155337,1986.90690975157
1.75775775775776,11.6432103425727,1199.99997211721,1989.30931209759
1.75975975975976,11.6446360735685,1199.99997266987,1991.71171444472
1.76176176176176,11.6460561073452,1199.99997321158,1994.11411679296
1.76376376376376,11.6474704666688,1199.99997374255,1996.51651914226
1.76576576576577,11.6488791742144,1199.999974263,1998.91892149262
1.76776776776777,11.6502822525666,1199.99997477313,2001.32132384401
1.76976976976977,11.6516797242195,1199.99997527315,2003.72372619641
1.77177177177177,11.6530716115776,1199.99997576326,2006.1261285498
1.77377377377377,11.6544579369556,1199.99997624366,2008.52853090416
1.77577577577578,11.6558387225792,1199.99997671453,2010.93093325948
1.77777777777778,11.6572139905854,1199.99997717607,2013.33333561573
1.77977977977978,11.6585837630224,1199.99997762846,2015.73573797289
1.78178178178178,11.6599480618506,1199.99997807189,2018.13814033095
1.78378378378378,11.6613069089425,1199.99997850652,2020.54054268989
1.78578578578579,11.6626603260832,1199.99997893254,2022.94294504969
1.78778778778779,11.6640083349709,1199.99997935012,2025.34534741033
1.78978978978979,11.6653509572168,1199.99997975942,2027.74774977181
1.79179179179179,11.666688214346,1199.99998016061,2030.15015213409
1.79379379379379,11.6680201277975,1199.99998055384,2032.55255449717
1.7957957957958,11.6693467189246,1199.99998093928,2034.95495686103
1.7977977977978,11.6706680089954,1199.99998131709,2037.35735922565
1.7997997997998,11.6719840191928,1199.9999816874,2039.75976159102
1.8018018018018,11.6732947706152,1199.99998205037,2042.16216395712
1.8038038038038,11.6746002842766,1199.99998240615,2044.56456632395
1.80580580580581,11.6759005811072,1199.99998275488,2046.96696869148
1.80780780780781,11.6771956819534,1199.99998309669,2049.3693710597
1.80980980980981,11.6784856075783,1199.99998343173,2051.7717734286
1.81181181181181,11.6797703786622,1199.99998376013,2054.17417579816
1.81381381381381,11.6810500158025,1199.99998408202,2056.57657816837
1.81581581581582,11.6823245395145,1199.99998439753,2058.97898053923
1.81781781781782,11.6835939702315,1199.99998470679,2061.3813829107
1.81981981981982,11.684858328305,1199.99998500991,2063.78378528279
1.82182182182182,11.6861176340053,1199.99998530703,2066.18618765548
1.82382382382382,11.6873719075217,1199.99998559826,2068.58859002876
1.82582582582583,11.6886211689629,1199.99998588371,2070.99099240262
1.82782782782783,11.6898654383569,1199.99998616351,2073.39339477704
1.82982982982983,11.6911047356522,1199.99998643776,2075.79579715202
1.83183183183183,11.692339080717,1199.99998670658,2078.19819952754
1.83383383383383,11.6935684933407,1199.99998697007,2080.60060190359
1.83583583583584,11.6947929932331,1199.99998722834,2083.00300428017
1.83783783783784,11.6960126000256,1199.99998748148,2085.40540665726
1.83983983983984,11.697227333271,1199.99998772961,2087.80780903485
1.84184184184184,11.698437212444,1199.99998797282,2090.21021141293
1.84384384384384,11.6996422569414,1199.99998821121,2092.61261379149
1.84584584584585,11.7008424860826,1199.99998844488,2095.01501617053
1.84784784784785,11.7020379191097,1199.99998867391,2097.41741855003
1.84984984984985,11.7032285751881,1199.9999888984,2099.81982092998
1.85185185185185,11.7044144734063,1199.99998911845,2102.22222331038
1.85385385385385,11.7055956327769,1199.99998933413,2104.62462569121
1.85585585585586,11.7067720722361,1199.99998954554,2107.02702807247
1.85785785785786,11.7079438106449,1199.99998975276,2109.42943045415
1.85985985985986,11.7091108667885,1199.99998995587,2111.83183283625
1.86186186186186,11.7102732593774,1199.99999015495,2114.23423521874
1.86386386386386,11.711431007047,1199.99999035009,2116.63663760163
1.86586586586587,11.7125841283585,1199.99999054136,2119.0390399849
1.86786786786787,11.7137326417987,1199.99999072884,2121.44144236856
1.86986986986987,11.7148765657808,1199.9999909126,2123.84384475258
1.87187187187187,11.7160159186441,1199.99999109272,2126.24624713697
1.87387387387387,11.717150718655,1199.99999126927,2128.64864952172
1.87587587587588,11.7182809840065,1199.99999144232,2131.05105190682
1.87787787787788,11.7194067328191,1199.99999161195,2133.45345429226
1.87987987987988,11.720527983141,1199.9999917782,2135.85585667804
1.88188188188188,11.7216447529481,1199.99999194117,2138.25825906414
1.88388388388388,11.7227570601446,1199.9999921009,2140.66066145057
1.88588588588589,11.723864922563,1199.99999225747,2143.06306383732
1.88788788788789,11.7249683579646,1199.99999241093,2145.46546622437
1.88988988988989,11.7260673840398,1199.99999256136,2147.86786861173
1.89189189189189,11.7271620184083,1199.9999927088,2150.27027099939
1.89389389389389,11.7282522786194,1199.99999285332,2152.67267338734
1.8958958958959,11.729338182152,1199.99999299497,2155.07507577558
1.8978978978979,11.7304197464156,1199.99999313382,2157.4774781641
1.8998998998999,11.7314969887499,1199.99999326991,2159.87988055289
1.9019019019019,11.7325699264252,1199.99999340331,2162.28228294195
1.9039039039039,11.733638576643,1199.99999353406,2164.68468533128
1.90590590590591,11.7347029565359,1199.99999366222,2167.08708772086
1.90790790790791,11.7357630831682,1199.99999378784,2169.48949011071
1.90990990990991,11.7368189735359,1199.99999391097,2171.89189250079
1.91191191191191,11.7378706445671,1199.99999403166,2174.29429489113
1.91391391391391,11.7389181131223,1199.99999414996,2176.6966972817
1.91591591591592,11.7399613959945,1199.99999426591,2179.09909967251
1.91791791791792,11.7410005099097,1199.99999437957,2181.50150206354
1.91991991991992,11.7420354715271,1199.99999449097,2183.90390445481
1.92192192192192,11.7430662974393,1199.99999460017,2186.30630684629
1.92392392392392,11.7440930041725,1199.9999947072,2188.70870923799
1.92592592592593,11.7451156081869,1199.9999948121,2191.1111116299
1.92792792792793,11.7461341258771,1199.99999491493,2193.51351402202
1.92992992992993,11.747148573572,1199.99999501572,2195.91591641434
1.93193193193193,11.7481589675352,1199.99999511452,2198.31831880687
1.93393393393393,11.7491653239654,1199.99999521135,2200.72072119959
1.93593593593594,11.7501676589968,1199.99999530627,2203.1231235925
1.93793793793794,11.7511659886986,1199.9999953993,2205.5255259856
1.93993993993994,11.7521603290764,1199.99999549049,2207.92792837888
1.94194194194194,11.7531506960712,1199.99999557988,2210.33033077234
1.94394394394394,11.7541371055609,1199.99999566749,2212.73273316598
1.94594594594595,11.7551195733596,1199.99999575336,2215.1351355598
1.94794794794795,11.7560981152183,1199.99999583753,2217.53753795378
1.94994994994995,11.757072746825,1199.99999592004,2219.93994034794
1.95195195195195,11.7580434838051,1199.99999600091,2222.34234274225
1.95395395395395,11.7590103417216,1199.99999608017,2224.74474513673
1.95595595595596,11.759973336075,1199.99999615787,2227.14714753136
1.95795795795796,11.7609324823044,1199.99999623402,2229.54954992615
1.95995995995996,11.7618877957866,1199.99999630867,2231.95195232109
1.96196196196196,11.7628392918375,1199.99999638183,2234.35435471617
1.96396396396396,11.7637869857114,1199.99999645355,2236.7567571114
1.96596596596597,11.7647308926019,1199.99999652384,2239.15915950678
1.96796796796797,11.7656710276417,1199.99999659274,2241.56156190229
1.96996996996997,11.7666074059031,1199.99999666028,2243.96396429794
1.97197197197197,11.7675400423982,1199.99999672647,2246.36636669372
1.97397397397397,11.7684689520792,1199.99999679136,2248.76876908963
1.97597597597598,11.7693941498383,1199.99999685496,2251.17117148568
1.97797797797798,11.7703156505083,1199.99999691729,2253.57357388184
1.97997997997998,11.771233468863,1199.9999969784,2255.97597627814
1.98198198198198,11.7721476196167,1199.99999703829,2258.37837867455
1.98398398398398,11.7730581174252,1199.99999709699,2260.78078107108
1.98598598598599,11.7739649768857,1199.99999715453,2263.18318346773
1.98798798798799,11.774868212537,1199.99999721093,2265.58558586449
1.98998998998999,11.7757678388598,1199.99999726621,2267.98798826137
1.99199199199199,11.776663870277,1199.9999973204,2270.39039065835
1.99399399399399,11.7775563211539,1199.99999737351,2272.79279305544
1.995995995996,11.7784452057983,1199.99999742557,2275.19519545264
1.997997997998,11.7793305384608,1199.9999974766,2277.59759784994
2,11.7802123333352,1199.99999752662,2280.00000024734
